AREA_NAME,AREA_SHORT_CODE,Average Total Income,Median Age,Average Household Size,Total private dwellings,Average Commute Time,"Car, truck, van - as a driver %","Car, truck, van - as a passenger %",Public transit %,Walked %,Bicycle %,Single-detached house %,Apartment in a building w/ >= 5 stories %,Semi-detached house %,Row house %,Apartment or flat in a duplex %,Apartment in a building w/ < 5 stories %,"No certificate, diploma or degree",Secondary (high) school diploma or equivalent,"Postsecondary certificate, diploma or degree"
City of Toronto,-1,52268.0,41.263312986739635,2.42,1179057,36.12782811307257,0.4598159153674299,0.04569743136792547,0.3700876460267534,0.08605936589518447,0.02746082306533286,0.24231083715956978,0.4432219456749301,0.06399773570664821,0.05537634891682316,0.043614602895060785,0.14882337613326985,0.10277428504355823,0.20393423011740947,0.6932882690223596
Agincourt North,129,30414.0,41.263312986739635,3.16,9371,37.40355329949239,0.6053299492385786,0.07868020304568528,0.28341793570219964,0.02241962774957699,0.005922165820642978,0.3665753424657534,0.23232876712328768,0.08821917808219178,0.1578082191780822,0.07068493150684932,0.08054794520547945,0.2157877709479133,0.2743448722096409,0.5092203170494985
Agincourt South-Malvern West,128,31825.0,41.263312986739635,2.88,8535,37.102904972919745,0.6038385826771654,0.0654527559055118,0.2937992125984252,0.027559055118110236,0.0034448818897637795,0.34296250768285186,0.38660110633066996,0.040565457897971724,0.06330669944683466,0.08543331284572833,0.07498463429625077,0.1413373860182371,0.2591185410334346,0.5999240121580547
Alderwood,20,47709.0,41.22690058479533,2.6,4732,32.49627791563275,0.6765922249793217,0.058726220016542596,0.21257237386269645,0.03225806451612903,0.010752688172043012,0.6147186147186147,0.05519480519480519,0.11796536796536797,0.0183982683982684,0.07142857142857142,0.12121212121212122,0.11406025824964132,0.2618364418938307,0.624103299856528
Annex,95,112766.0,41.95635910224439,1.8,18109,29.25092250922509,0.22065727699530516,0.019450033534540577,0.41582830315224684,0.21462105969148224,0.11234071093226022,0.040476937558832755,0.5123941010354566,0.07436460621273926,0.037339190461248825,0.028553498588013804,0.30090994665829934,0.025118615685180017,0.11498744069215741,0.859335752162992
Banbury-Don Mills,42,67757.0,41.22690058479533,2.23,12473,34.078104431768324,0.6274681878016674,0.04387889425186485,0.258446687143484,0.05397103992979377,0.005704256252742431,0.2874226804123711,0.5171134020618556,0.023505154639175258,0.06103092783505155,0.0032989690721649486,0.10845360824742269,0.04258289703315881,0.1581151832460733,0.7996509598603839
Bathurst Manor,34,45936.0,41.263312986739635,2.56,6418,37.8150917743032,0.53125,0.036005434782608696,0.389945652173913,0.029211956521739132,0.0020380434782608695,0.3462171052631579,0.3379934210526316,0.027138157894736843,0.007401315789473684,0.10526315789473684,0.17598684210526316,0.05510907003444317,0.21010332950631458,0.7336394948335246
Bay Street Corridor,76,56526.0,42.026898734177216,1.7,18436,25.77994075327973,0.15065594583157005,0.01396529834955565,0.2996191282268303,0.4942869234024545,0.027507405840033854,0.0003316749585406302,0.9817578772802653,0.0,0.0009950248756218905,0.0,0.015920398009950248,0.0193154862758387,0.0857336496103016,0.8959674686546933
Bayview Village,52,52035.0,41.60669274228595,2.22,10111,37.87016293279022,0.5363867684478372,0.03918575063613232,0.37608142493638674,0.035114503816793895,0.0030534351145038168,0.21237545883586786,0.6187729417933928,0.012585212375458836,0.09229155742003146,0.007865757734661772,0.054535920293654956,0.030007794232268122,0.13250194855806702,0.8378799688230709
Bayview Woods-Steeles,49,47246.0,41.263312986739635,2.7,4895,38.20946626384693,0.5881168177240684,0.04833836858006042,0.324269889224572,0.022155085599194362,0.002014098690835851,0.33297872340425533,0.3776595744680851,0.10531914893617021,0.0425531914893617,0.02127659574468085,0.12127659574468085,0.0492845786963434,0.14467408585055644,0.8068362480127186
Bedford Park-Nortown,39,123077.0,41.263312986739635,2.68,9052,31.532317393589068,0.6239495798319328,0.037289915966386554,0.2536764705882353,0.05777310924369748,0.009453781512605041,0.5598141695702671,0.23170731707317074,0.005226480836236934,0.007549361207897794,0.036585365853658534,0.14634146341463414,0.03653169014084507,0.13600352112676056,0.8279049295774648
Beechborough-Greenbrook,112,33829.0,41.263312986739635,2.4,2796,40.6572504708098,0.4651600753295669,0.06591337099811675,0.416195856873823,0.03766478342749529,0.007532956685499058,0.2504708097928437,0.2504708097928437,0.030131826741996232,0.005649717514124294,0.03389830508474576,0.4256120527306968,0.22159887798036465,0.2847124824684432,0.49368863955119213
Bendale,127,33256.0,41.263312986739635,2.7,11293,39.311871227364186,0.5201126307320998,0.0498793242156074,0.37650844730490746,0.0418342719227675,0.0036202735317779565,0.35949837436135623,0.4505341384115188,0.02693915466790525,0.030190431955411056,0.09986065954482118,0.03158383650719926,0.13426075703655774,0.2594629569718538,0.6059527660951148
Birchcliffe-Cliffside,122,54360.0,41.22690058479533,2.36,9637,37.84653465346535,0.5638613861386138,0.047524752475247525,0.3178217821782178,0.04108910891089109,0.013861386138613862,0.532319391634981,0.10266159695817491,0.04617055947854427,0.0043454644215100485,0.09560021727322107,0.21292775665399238,0.09652971679297966,0.25488631830873554,0.6489828480255285
Black Creek,24,25989.0,41.263312986739635,2.94,7671,37.350411132194814,0.5107458912768648,0.09292035398230089,0.3438685208596713,0.030973451327433628,0.010745891276864728,0.09289617486338798,0.555327868852459,0.09016393442622951,0.1557377049180328,0.02117486338797814,0.0860655737704918,0.32562358276643993,0.28616780045351475,0.3873015873015873
Blake-Jones,69,48511.0,41.263312986739635,2.46,3269,34.80148148148148,0.3180473372781065,0.034023668639053255,0.47485207100591714,0.06656804733727811,0.09023668639053255,0.15814696485623003,0.1501597444089457,0.26038338658146964,0.1182108626198083,0.054313099041533544,0.2539936102236422,0.10741971207087486,0.17275747508305647,0.7209302325581395
Briar Hill-Belgravia,108,34768.0,41.263312986739635,2.48,6080,39.10872576177285,0.3975069252077562,0.04224376731301939,0.4979224376731302,0.04224376731301939,0.008310249307479225,0.2807323452484743,0.4176111595466434,0.02702702702702703,0.013077593722755012,0.06713164777680906,0.1918047079337402,0.1272515979081929,0.22893666472980825,0.6438117373619988
Bridle Path-Sunnybrook-York Mills,41,308010.0,41.263312986739635,2.83,3478,31.48837209302325,0.6956521739130435,0.043478260869565216,0.18012422360248448,0.05124223602484472,0.010869565217391304,0.7010785824345146,0.18181818181818182,0.012326656394453005,0.07087827426810478,0.009244992295839754,0.02465331278890601,0.012114537444933921,0.10682819383259912,0.8799559471365639
Broadview North,57,44557.0,41.22690058479533,2.0,5812,35.46243291592129,0.35989256938227393,0.02954341987466428,0.4852282900626679,0.06177260519247986,0.052820053715308866,0.1500441306266549,0.5869373345101501,0.07766990291262135,0.01412180052956752,0.0264783759929391,0.14386584289496912,0.10254596888260255,0.19943422913719944,0.6987270155586988
Brookhaven-Amesbury,30,32483.0,41.263312986739635,2.73,6667,40.018927444794954,0.48264984227129337,0.049842271293375394,0.42649842271293376,0.032176656151419555,0.0031545741324921135,0.2762345679012346,0.5779320987654321,0.037037037037037035,0.0038580246913580245,0.020833333333333332,0.08333333333333333,0.22645393721049922,0.2835820895522388,0.49047864127637675
Cabbagetown-South St. James Town,71,63012.0,41.22690058479533,1.71,6761,30.038810900082577,0.2138728323699422,0.01981833195706028,0.3319570602807597,0.2981007431874484,0.11725846407927333,0.024844720496894408,0.5240683229813664,0.07142857142857142,0.09782608695652174,0.024844720496894408,0.2546583850931677,0.03546592489568846,0.16620305980528513,0.8004172461752433
Caledonia-Fairbank,109,35112.0,41.263312986739635,2.69,3935,41.225806451612904,0.41818181818181815,0.09494949494949495,0.4303030303030303,0.03232323232323232,0.014141414141414142,0.4559023066485753,0.04477611940298507,0.11804613297150611,0.005427408412483039,0.11940298507462686,0.25508819538670285,0.2767932489451477,0.2489451476793249,0.4759493670886076
Casa Loma,96,165047.0,41.263312986739635,2.0,5833,30.390962671905697,0.40078585461689586,0.025540275049115914,0.38703339882121807,0.1237721021611002,0.04223968565815324,0.16173752310536044,0.4953789279112754,0.048983364140480594,0.036968576709796676,0.02865064695009242,0.22643253234750463,0.019409282700421943,0.12067510548523207,0.8616033755274262
Centennial Scarborough,133,54045.0,41.22690058479533,3.05,4439,40.749594813614266,0.6410048622366289,0.05672609400324149,0.2714748784440843,0.017828200972447326,0.0,0.8013698630136986,0.0,0.0365296803652968,0.11073059360730593,0.03424657534246575,0.0136986301369863,0.04737975592246949,0.19885139985642497,0.7537688442211056
Church-Yonge Corridor,75,53583.0,42.026898734177216,1.54,21983,28.43574186431329,0.1491590846429556,0.013509787703336091,0.38599393438103113,0.4011579818031431,0.0380479735318445,0.0005081300813008131,0.9174288617886179,0.0012703252032520325,0.011178861788617886,0.0022865853658536584,0.06504065040650407,0.0329849012775842,0.12938443670150987,0.8383275261324041
Clairlea-Birchmount,120,36232.0,41.263312986739635,2.84,9529,39.46768982229402,0.47296206618240516,0.04519774011299435,0.43866020984665055,0.02744148506860371,0.007263922518159807,0.3389189189189189,0.21243243243243243,0.10972972972972973,0.11297297297297297,0.07837837837837838,0.14216216216216215,0.11424775821986051,0.24908668216539356,0.6353370973098639
Clanton Park,33,51181.0,41.263312986739635,2.51,6881,35.0359133126935,0.5195046439628483,0.0346749226006192,0.4,0.02476780185758514,0.009907120743034056,0.36717557251908395,0.3534351145038168,0.0015267175572519084,0.0022900763358778627,0.08473282442748091,0.1916030534351145,0.04113247863247863,0.19604700854700854,0.7633547008547008
Cliffcrest,123,44718.0,41.263312986739635,2.68,6094,38.32965415746873,0.5842531272994849,0.03826342899190582,0.34142752023546724,0.025018395879323033,0.0051508462104488595,0.5723962743437765,0.2260795935647756,0.009314140558848433,0.07366638441998306,0.07959356477561388,0.027095681625740897,0.08441558441558442,0.26977567886658793,0.6463990554899646
Corso Italia-Davenport,92,41717.0,41.263312986739635,2.56,5903,39.30509641873278,0.4107512060647829,0.06891798759476224,0.4162646450723639,0.04548587181254307,0.04893177119228118,0.2256596906278435,0.0,0.22383985441310283,0.01910828025477707,0.11101000909918107,0.4067333939945405,0.19455703532136653,0.21656050955414013,0.5888824551244933
Danforth,66,55225.0,41.22690058479533,2.44,4108,34.67245119305856,0.3347778981581798,0.03358613217768147,0.4962080173347779,0.06392199349945829,0.06392199349945829,0.17452229299363056,0.0840764331210191,0.3159235668789809,0.007643312101910828,0.05477707006369427,0.3592356687898089,0.08581752484191509,0.17524841915085818,0.7389340560072267
Danforth East York,59,51846.0,41.22690058479533,2.43,7275,34.74611076540137,0.4206596141879278,0.04418170504044804,0.4194150591163659,0.05289359054138146,0.049782202862476664,0.4131054131054131,0.12535612535612536,0.24216524216524216,0.004985754985754986,0.07834757834757834,0.1346153846153846,0.08162243365047571,0.18577866800200302,0.7325988983475212
Don Valley Village,47,37379.0,41.263312986739635,2.69,10196,39.93115468409586,0.5091463414634146,0.04442508710801394,0.4011324041811847,0.03266550522648084,0.0017421602787456446,0.21253132832080202,0.5644110275689223,0.03609022556390978,0.1418546365914787,0.014536340852130326,0.030576441102756893,0.05498167277574142,0.16594468510496502,0.7790736421192935
Dorset Park,126,31692.0,41.263312986739635,2.78,8995,38.47117566954154,0.5065819337267363,0.05447117566954154,0.38629142078983203,0.03994552882433046,0.004993191103041307,0.24259681093394078,0.4293849658314351,0.038154897494305236,0.1776765375854214,0.05808656036446469,0.05296127562642369,0.1403254972875226,0.25786618444846293,0.6025316455696202
Dovercourt-Wallace Emerson-Junction,93,39740.0,41.95635910224439,2.37,16248,36.64274489261393,0.3051335777894185,0.042954426401257205,0.4688318491356731,0.06364588789942378,0.1037192247249869,0.10679294578706727,0.1479425212279556,0.1338994121489223,0.07446113651208361,0.07413455258001306,0.4490529065969954,0.14468357127636905,0.21372256552311955,0.6418069465160878
Downsview-Roding-CFB,26,34168.0,41.263312986739635,2.67,14244,39.0674504950495,0.519950510361893,0.06557377049180328,0.37643055985153107,0.02845654191153727,0.0006186204763377668,0.3299047619047619,0.23504761904761906,0.07047619047619047,0.04914285714285714,0.03238095238095238,0.2834285714285714,0.20506852857512284,0.2787690716317559,0.5153866046030514
Dufferin Grove,83,40588.0,41.95635910224439,2.15,5815,35.47063492063492,0.26290706910246225,0.02938840349483717,0.4781572676727562,0.09531374106433678,0.12311358220810167,0.05703771849126035,0.24563017479300828,0.09199632014719411,0.020239190432382703,0.07359705611775529,0.49678012879484823,0.13040712468193386,0.1787531806615776,0.6902035623409669
East End-Danforth,62,54324.0,41.22690058479533,2.29,9535,37.22360557768924,0.41243781094527365,0.03631840796019901,0.4388059701492537,0.06069651741293532,0.03631840796019901,0.19281045751633988,0.22712418300653595,0.21241830065359477,0.06481481481481481,0.0528322440087146,0.2440087145969499,0.07881188118811881,0.1794059405940594,0.7425742574257426
Edenbridge-Humber Valley,9,101551.0,41.263312986739635,2.43,6606,36.28047921071177,0.6328400281888654,0.048625792811839326,0.2832980972515856,0.02466525722339676,0.005637773079633545,0.4084732214228617,0.3844924060751399,0.013589128697042365,0.020783373301358914,0.006394884092725819,0.16546762589928057,0.05371152685576343,0.2088111044055522,0.7380808690404346
Eglinton East,138,30033.0,41.263312986739635,2.81,8199,41.706199460916444,0.4252563410685375,0.04803022126281705,0.49595250944414465,0.021046950890447922,0.0010793308148947653,0.19393556538218573,0.6272899557801642,0.015161086544535692,0.06443461781427669,0.0739102969046115,0.024636765634870498,0.15323257766582704,0.27371956339210746,0.572208228379513
Elms-Old Rexdale,5,32012.0,41.263312986739635,2.93,3344,37.649752475247524,0.580964153275649,0.06180469715698393,0.3288009888751545,0.0173053152039555,0.004944375772558714,0.30745341614906835,0.42701863354037267,0.021739130434782608,0.15993788819875776,0.062111801242236024,0.020186335403726708,0.15736040609137056,0.33908629441624366,0.5035532994923858
Englemount-Lawrence,32,48134.0,41.263312986739635,2.65,8858,35.04311310190369,0.43609865470852016,0.029708520179372196,0.4422645739910314,0.06614349775784753,0.00952914798206278,0.23104912067919953,0.36749545178896303,0.0036385688295936932,0.03214069132807762,0.061855670103092786,0.30442692540933897,0.07116279069767442,0.2069767441860465,0.7218604651162791
Eringate-Centennial-West Deane,11,47002.0,41.22690058479533,2.7,6977,34.2400461627236,0.690132717830352,0.05366416618580496,0.224466243508367,0.0207732256203116,0.004039238315060588,0.5717407137654771,0.2600145666423889,0.05243991260014567,0.08812818645302258,0.01820830298616169,0.010924981791697014,0.07022039979497693,0.2265504869297796,0.7042542286007176
Etobicoke West Mall,13,38255.0,41.263312986739635,2.5,4727,36.041404140414045,0.5738738738738739,0.05675675675675676,0.3153153153153153,0.036036036036036036,0.011711711711711712,0.21046892039258452,0.6892039258451472,0.020719738276990186,0.05016357688113413,0.013086150490730643,0.011995637949836423,0.11782477341389729,0.229607250755287,0.6518126888217523
Flemingdon Park,44,28654.0,41.263312986739635,2.8,7964,39.249254621347646,0.44212410501193317,0.031026252983293555,0.4606205250596659,0.04832935560859188,0.0059665871121718375,0.0,0.8205619412515964,0.022988505747126436,0.07215836526181353,0.0006385696040868455,0.08237547892720307,0.14818024263431542,0.24350086655112652,0.6074523396880416
Forest Hill North,102,85099.0,41.263312986739635,2.33,5784,34.40699523052464,0.4626391096979332,0.029411764705882353,0.43243243243243246,0.04451510333863275,0.015103338632750398,0.26972477064220185,0.6293577981651376,0.0027522935779816515,0.005504587155963303,0.02018348623853211,0.07064220183486239,0.03518648838845883,0.1569317382125264,0.8078817733990148
Forest Hill South,101,204521.0,41.263312986739635,2.14,5353,30.591050988553594,0.49011446409989595,0.02081165452653486,0.3808532778355879,0.05931321540062435,0.031217481789802288,0.34040404040404043,0.4090909090909091,0.013131313131313131,0.00808080808080808,0.014141414141414142,0.21212121212121213,0.0189328743545611,0.12994836488812392,0.8493975903614458
Glenfield-Jane Heights,25,27984.0,41.263312986739635,3.04,10423,37.86975335352661,0.5369969710082215,0.08437905668541756,0.34314149718736475,0.024231934227607096,0.004759844223279966,0.04187689202825429,0.34359233097880926,0.33148335015136227,0.136226034308779,0.033299697275479316,0.11604439959636731,0.3087893864013267,0.2975124378109453,0.39502487562189054
Greenwood-Coxwell,65,46206.0,41.22690058479533,2.37,6443,36.30567685589519,0.3483636363636364,0.04,0.44363636363636366,0.07054545454545455,0.08436363636363636,0.15950413223140497,0.08512396694214876,0.24462809917355371,0.05537190082644628,0.05950413223140496,0.39008264462809916,0.10549694614103276,0.18933925596890616,0.7057190449750139
Guildwood,140,53203.0,41.22690058479533,2.42,4044,41.357743097238895,0.5978391356542617,0.04201680672268908,0.3169267707082833,0.031212484993997598,0.0024009603841536613,0.5451127819548872,0.2731829573934837,0.03508771929824561,0.07518796992481203,0.045112781954887216,0.023809523809523808,0.06237218813905931,0.2229038854805726,0.7177914110429447
Henry Farm,53,36359.0,41.95635910224439,2.47,6646,39.36570247933884,0.42768595041322316,0.044765840220385676,0.47176308539944906,0.046831955922865015,0.0027548209366391185,0.07776904948939513,0.8373919874312648,0.0,0.06834249803613511,0.002356637863315004,0.012568735271013355,0.04880636604774536,0.14748010610079576,0.8037135278514589
High Park North,88,57465.0,41.263312986739635,1.98,11541,37.78996036988111,0.3229074889867841,0.020704845814977973,0.5515418502202644,0.04581497797356828,0.04977973568281938,0.1242067089755213,0.5906618313689936,0.05439709882139619,0.011786038077969175,0.0371713508612874,0.1799637352674524,0.0356638418079096,0.1292372881355932,0.83545197740113
High Park-Swansea,87,71204.0,41.263312986739635,2.15,11526,36.30527638190955,0.4449099287808965,0.028906577293674067,0.39589442815249265,0.05194805194805195,0.06786761625471303,0.24413793103448275,0.3296551724137931,0.04735632183908046,0.02666666666666667,0.051954022988505745,0.2979310344827586,0.0305661688086141,0.12955887460923932,0.8398749565821466
Highland Creek,134,40972.0,41.263312986739635,3.37,3907,39.58304195804196,0.6646288209606986,0.056768558951965066,0.25851528384279476,0.013100436681222707,0.004366812227074236,0.8389715832205683,0.0,0.0013531799729364006,0.0040595399188092015,0.14749661705006767,0.008119079837618403,0.09682299546142209,0.2428139183055976,0.6603630862329803
Hillcrest Village,48,40442.0,41.263312986739635,2.64,6642,39.69440124416796,0.5746500777604977,0.049766718506998445,0.33748055987558323,0.027993779160186624,0.0015552099533437014,0.2578125,0.303125,0.12890625,0.1671875,0.02421875,0.11796875,0.04619076184763048,0.15176964607078583,0.8014397120575885
Humber Heights-Westmount,8,45615.0,41.22690058479533,2.45,4261,36.912643678160926,0.6444188722669736,0.047180667433831994,0.2761795166858458,0.014959723820483314,0.0023014959723820483,0.4062877871825877,0.47762998790810157,0.014510278113663845,0.015719467956469165,0.04353083434099154,0.045949214026602174,0.08428030303030302,0.24242424242424243,0.6714015151515151
Humber Summit,21,30731.0,41.263312986739635,3.18,4288,36.31714568880079,0.6386138613861386,0.07227722772277227,0.2584158415841584,0.01881188118811881,0.0019801980198019802,0.1346153846153846,0.18205128205128204,0.45897435897435895,0.021794871794871794,0.02435897435897436,0.17564102564102563,0.225,0.3016129032258065,0.47338709677419355
Humbermede,22,29528.0,41.263312986739635,3.07,5390,37.28560775540642,0.5853840417598807,0.07531692766592095,0.3087248322147651,0.01715137956748695,0.002982848620432513,0.11374876360039565,0.3135509396636993,0.22453016815034618,0.09000989119683482,0.01582591493570722,0.23936696340257171,0.20884520884520885,0.2936117936117936,0.49815724815724816
Humewood-Cedarvale,106,65274.0,41.263312986739635,2.17,6865,35.6051040967092,0.34697986577181206,0.03691275167785235,0.5,0.06040268456375839,0.03758389261744966,0.2820121951219512,0.25990853658536583,0.040396341463414635,0.0,0.023628048780487805,0.3955792682926829,0.04569115095430885,0.14285714285714285,0.8126084441873915
Ionview,125,31383.0,41.263312986739635,2.63,5312,39.58963815789474,0.4009860312243221,0.0419063270336894,0.4971240755957272,0.038619556285949055,0.0049301561216105174,0.19729206963249515,0.5570599613152805,0.0725338491295938,0.02804642166344294,0.0735009671179884,0.05222437137330754,0.13642297650130547,0.26370757180156656,0.5998694516971279
Islington-City Centre West,14,52787.0,41.263312986739635,2.24,19911,36.752039891205804,0.5338925413738381,0.044207662661528,0.37202448424393564,0.03604624801632283,0.004080707322602585,0.2677878395860285,0.6388098318240621,0.00646830530401035,0.03363518758085381,0.0129366106080207,0.03880983182406209,0.060065246593744,0.18556898867779698,0.7541738629821532
Junction Area,90,49709.0,41.263312986739635,2.33,6431,38.37005277044855,0.37730870712401055,0.037598944591029027,0.4399736147757256,0.07058047493403694,0.06926121372031663,0.12271973466003316,0.11940298507462686,0.1625207296849088,0.09369817578772803,0.0845771144278607,0.41625207296849087,0.07552370452039692,0.1819184123484013,0.743109151047409
Keelesdale-Eglinton West,110,33316.0,41.263312986739635,2.64,4575,40.38615847542628,0.4839357429718876,0.09337349397590361,0.3684738955823293,0.03714859437751004,0.010040160642570281,0.39904420549581837,0.15890083632019117,0.1015531660692951,0.0023894862604540022,0.09438470728793309,0.24014336917562723,0.33440256615878106,0.2702485966319166,0.3953488372093023
Kennedy Park,124,30974.0,41.263312986739635,2.6,6885,41.053162853297444,0.4485541358439812,0.04371217215870881,0.4714189643577673,0.016812373907195696,0.00605245460659045,0.2743161094224924,0.4308510638297872,0.05319148936170213,0.018996960486322188,0.1033434650455927,0.10562310030395136,0.14315569487983282,0.2800417972831766,0.5757575757575758
Kensington-Chinatown,78,37422.0,42.026898734177216,2.0,9745,27.653182629387267,0.13087447947650208,0.019631171921475312,0.26710291493158833,0.45687091017251635,0.11183819155264724,0.008004574042309892,0.5294453973699257,0.024585477415666093,0.0686106346483705,0.02801600914808462,0.3350485991995426,0.12868892114175132,0.19641993226898888,0.6739235607160136
Kingsview Village-The Westway,6,36674.0,41.263312986739635,2.82,8159,35.456657223796036,0.6038483305036786,0.050933786078098474,0.30164119977362763,0.030560271646859084,0.0050933786078098476,0.279383429672447,0.6114322414900449,0.016698779704560053,0.04046242774566474,0.021836865767501604,0.028259473346178548,0.15467625899280577,0.28552158273381295,0.560251798561151
Kingsway South,15,144642.0,41.22690058479533,2.56,3710,35.56434316353888,0.5917001338688086,0.0321285140562249,0.3172690763052209,0.030789825970548863,0.008032128514056224,0.6443514644351465,0.2203626220362622,0.019525801952580194,0.01394700139470014,0.008368200836820083,0.09344490934449093,0.010834236186348862,0.09859154929577464,0.8884073672806068
Lambton Baby Point,114,76629.0,41.263312986739635,2.56,3217,38.41702741702742,0.46464646464646464,0.03896103896103896,0.40404040404040403,0.04040404040404041,0.03607503607503607,0.40705128205128205,0.22435897435897437,0.17467948717948717,0.05929487179487179,0.030448717948717948,0.10737179487179487,0.05970149253731343,0.14695752009184845,0.7933409873708381
L'Amoreaux,117,31826.0,41.263312986739635,2.89,15486,38.59396162528217,0.5647756138865369,0.06886819079875811,0.3327688399661304,0.02088625458650861,0.004798193621224951,0.24493187105350614,0.4493187105350615,0.06148222000664673,0.16051844466600199,0.027916251246261216,0.055167829843801926,0.16213885295385944,0.24385510996119017,0.5946528676153514
Lansing-Westgate,38,72371.0,41.263312986739635,2.44,6943,35.906332453825854,0.4884640738299275,0.025708635464733027,0.3974950560316414,0.06987475280158208,0.003955174686882004,0.3573596358118361,0.5060698027314112,0.004552352048558422,0.0,0.028072837632776935,0.09939301972685888,0.02691292875989446,0.1324538258575198,0.8401055408970977
Lawrence Park North,105,111730.0,41.263312986739635,2.69,5622,32.820710973724886,0.47409126063418405,0.030162412993039442,0.4168600154679041,0.05259087393658159,0.013147718484145398,0.5732718894009217,0.03778801843317972,0.1631336405529954,0.005529953917050691,0.034101382488479264,0.18525345622119815,0.015625,0.08658854166666667,0.8977864583333334
Lawrence Park South,103,169203.0,41.263312986739635,2.63,6017,33.2464096749811,0.5260770975056689,0.04610733182161754,0.32653061224489793,0.06349206349206349,0.02040816326530612,0.5953002610966057,0.16100957354221063,0.019147084421235857,0.006092254134029591,0.04003481288076589,0.17667536988685814,0.016149068322981366,0.08509316770186336,0.9006211180124224
Leaside-Bennington,56,125564.0,41.263312986739635,2.59,6712,30.90620782726046,0.6039136302294197,0.04723346828609987,0.24224021592442646,0.06815114709851552,0.03171390013495277,0.5535714285714286,0.08152173913043478,0.1234472049689441,0.011645962732919254,0.006987577639751553,0.2204968944099379,0.023361823361823363,0.11282051282051282,0.8632478632478633
Little Portugal,84,45737.0,42.026898734177216,2.03,8095,33.66778149386845,0.2849972113775795,0.03067484662576687,0.384829894032348,0.14891243725599554,0.14054656999442275,0.03633916554508748,0.3977119784656797,0.06191117092866756,0.08142664872139974,0.03230148048452221,0.3815612382234186,0.10806984426616328,0.18404907975460122,0.7083529966965549
Long Branch,19,47384.0,41.22690058479533,2.09,5145,35.90368271954674,0.5945179584120983,0.043478260869565216,0.2996219281663516,0.0330812854442344,0.020793950850661626,0.3073727933541018,0.23572170301142265,0.016614745586708203,0.018691588785046728,0.04776739356178609,0.37279335410176534,0.0999194198227236,0.2328767123287671,0.6688154713940371
Malvern,132,29573.0,41.263312986739635,3.26,13936,39.6704811443433,0.5609882964889467,0.07282184655396619,0.3342002600780234,0.022106631989596878,0.0031209362808842654,0.25903838986209465,0.23667536339918002,0.09504286246738726,0.2638837122623928,0.09094297428251957,0.048825941110696984,0.14885903177649817,0.291106845809341,0.5593943271486458
Maple Leaf,29,37108.0,41.22690058479533,2.77,3696,36.74591057797165,0.5447598253275109,0.04912663755458515,0.3537117903930131,0.039301310043668124,0.002183406113537118,0.459915611814346,0.2250351617440225,0.04922644163150492,0.026722925457102673,0.057665260196905765,0.17862165963431786,0.16356877323420074,0.2815985130111524,0.5539033457249071
Markland Wood,12,62378.0,41.22690058479533,2.43,4348,34.42658092175777,0.6484458735262594,0.05894962486602358,0.23258306538049303,0.03858520900321544,0.00857449088960343,0.41299303944315546,0.46983758700696054,0.001160092807424594,0.06612529002320186,0.009280742459396751,0.03944315545243619,0.044048734770384255,0.18837863167760074,0.7656982193064668
Milliken,130,28085.0,41.263312986739635,3.39,7825,37.384026781444284,0.6240458015267175,0.10925572519083969,0.23950381679389313,0.01717557251908397,0.003816793893129771,0.5074821080026025,0.25634352635003255,0.07156798959011061,0.07937540663630449,0.06766428106701367,0.01236174365647365,0.2527510316368638,0.30777166437414033,0.4391334250343879
Mimico (includes Humber Bay Shores),17,54438.0,41.22690058479533,1.87,20486,38.111728738187885,0.6172461752433936,0.04228094575799722,0.2803894297635605,0.028094575799721837,0.017246175243393603,0.1268992684299381,0.6083286437816545,0.016038266741699492,0.05149127743387732,0.019977490151941474,0.17698368036015757,0.07315957933241884,0.1858710562414266,0.7405121170553269
Morningside,135,32291.0,41.263312986739635,2.92,6044,40.77919463087248,0.5691275167785235,0.06778523489932886,0.33355704697986577,0.0174496644295302,0.0013422818791946308,0.3880851063829787,0.3625531914893617,0.00425531914893617,0.15659574468085105,0.05276595744680851,0.03489361702127659,0.12691466083150985,0.2603938730853392,0.612691466083151
Moss Park,73,58915.0,41.95635910224439,1.6,12513,28.560460652591168,0.21065259117082533,0.01583493282149712,0.31621880998080615,0.3757197696737044,0.06621880998080615,0.005627705627705628,0.7134199134199134,0.011688311688311689,0.05454545454545454,0.009523809523809525,0.20346320346320346,0.07635009310986965,0.16573556797020483,0.7582867783985102
Mount Dennis,115,30827.0,41.263312986739635,2.56,5386,42.989856297548606,0.459915611814346,0.05569620253164557,0.44978902953586497,0.02109704641350211,0.004219409282700422,0.18471953578336556,0.4825918762088975,0.029013539651837523,0.06479690522243714,0.04061895551257253,0.20019342359767892,0.2119815668202765,0.2843976300197498,0.5029624753127058
Mount Olive-Silverstone-Jamestown,2,26548.0,41.263312986739635,3.32,10220,37.14013497419611,0.5527777777777778,0.07380952380952381,0.3261904761904762,0.030555555555555555,0.002777777777777778,0.16767983789260385,0.6246200607902735,0.016210739614994935,0.10536980749746708,0.07649442755825735,0.00911854103343465,0.24698972099853156,0.28634361233480177,0.4666666666666667
Mount Pleasant East,99,85340.0,41.22690058479533,2.25,7715,33.56664520283323,0.4623309723116549,0.03992273019961365,0.37218287186091437,0.08692852543464263,0.027688345138441726,0.2903225806451613,0.3057795698924731,0.21774193548387097,0.01881720430107527,0.024193548387096774,0.14180107526881722,0.01762571280456195,0.11404872991187144,0.8683255572835666
Mount Pleasant West,104,57039.0,41.95635910224439,1.65,18495,34.804003585300265,0.28336816960286654,0.022096148103911615,0.5634517766497462,0.10988354732756046,0.014929829799940281,0.02715837621497999,0.8453401943967982,0.010577472841623786,0.011435105774728416,0.005717552887364208,0.10034305317324185,0.028805562453439286,0.12639682145517755,0.8450459399056369
New Toronto,18,44101.0,41.22690058479533,2.1,5657,39.07699275362319,0.542572463768116,0.043478260869565216,0.328804347826087,0.04800724637681159,0.028079710144927536,0.28930232558139535,0.21953488372093025,0.04,0.04837209302325581,0.037209302325581395,0.3655813953488372,0.10502958579881656,0.21819526627218935,0.6775147928994083
Newtonbrook East,50,45212.0,41.263312986739635,2.54,6470,38.86081694402421,0.49166666666666664,0.0446969696969697,0.40984848484848485,0.04090909090909091,0.005303030303030303,0.45098039215686275,0.42320261437908496,0.0016339869281045752,0.004901960784313725,0.06209150326797386,0.05392156862745098,0.042505592841163314,0.14205816554809844,0.8159955257270693
Newtonbrook West,36,34904.0,41.263312986739635,2.64,9416,39.00946521533365,0.4505442498816848,0.059157595835305256,0.42924751538097494,0.04448651206814955,0.005205868433506862,0.28236607142857145,0.49107142857142855,0.06752232142857142,0.06138392857142857,0.04185267857142857,0.05524553571428571,0.05194805194805195,0.21669758812615955,0.7332096474953618
Niagara,82,70623.0,42.026898734177216,1.62,19660,32.45157470992186,0.32284023668639056,0.03029585798816568,0.32970414201183434,0.24,0.0629585798816568,0.0018646776771443793,0.8335109216835376,0.005860415556739478,0.04581779435269046,0.016782099094299414,0.09429941395844432,0.026999593991067803,0.10759236703207471,0.865002030044661
North Riverdale,68,73253.0,41.22690058479533,2.33,5306,31.502978723404254,0.3302127659574468,0.029787234042553193,0.3974468085106383,0.11829787234042553,0.1046808510638298,0.16283716283716285,0.13986013986013987,0.26073926073926074,0.07192807192807193,0.06293706293706294,0.2917082917082917,0.04509663564781675,0.1467430207587688,0.8081603435934145
North St. James Town,74,32648.0,41.95635910224439,1.92,10109,34.949566160520604,0.1399132321041215,0.015184381778741865,0.5672451193058569,0.21095444685466377,0.05151843817787419,0.0005232862375719519,0.9256933542647828,0.0,0.010465724751439037,0.0020931449502878076,0.06017791732077447,0.0866721177432543,0.19501226492232215,0.7187244480784954
Oakridge,121,26793.0,41.263312986739635,2.57,5586,39.95180722891566,0.3604417670682731,0.02610441767068273,0.5471887550200804,0.04919678714859438,0.007028112449799197,0.19886363636363635,0.6013257575757576,0.026515151515151516,0.03787878787878788,0.08333333333333333,0.04734848484848485,0.14501312335958005,0.25984251968503935,0.5958005249343832
Oakwood Village,107,39803.0,41.22690058479533,2.42,9235,38.404150197628454,0.37833827893175076,0.040553907022749754,0.4876360039564787,0.03857566765578635,0.04253214638971316,0.32144910868315124,0.17538815411155836,0.14491086831512365,0.0023001725129384704,0.07878090856814261,0.2748706152961472,0.14398340248962654,0.21867219917012448,0.6373443983402489
O'Connor-Parkview,54,43907.0,41.263312986739635,2.48,7713,38.73622291021672,0.5003095975232198,0.04643962848297214,0.40123839009287926,0.030340557275541795,0.011764705882352941,0.40562248995983935,0.32061579651941097,0.01740294511378849,0.019410977242302542,0.03815261044176707,0.19879518072289157,0.11516314779270634,0.2423224568138196,0.6420345489443378
Old East York,58,53315.0,41.22690058479533,2.43,3960,34.61436464088398,0.523756906077348,0.051933701657458566,0.3447513812154696,0.03756906077348066,0.032044198895027624,0.5857519788918206,0.13720316622691292,0.044854881266490766,0.0,0.11213720316622691,0.12005277044854881,0.09776536312849161,0.20577281191806332,0.6964618249534451
Palmerston-Little Italy,80,58071.0,42.026898734177216,2.17,6862,31.87272727272727,0.22762645914396887,0.022697795071335927,0.35992217898832685,0.18028534370946822,0.19066147859922178,0.05608214849921011,0.04897314375987362,0.15165876777251186,0.04660347551342812,0.06477093206951026,0.6145339652448657,0.05237045203969129,0.17144432194046305,0.7739801543550165
Parkwoods-Donalda,45,42516.0,41.263312986739635,2.61,13921,37.71250818598559,0.5618860510805501,0.053700065487884745,0.34544859201047806,0.0275049115913556,0.0029469548133595285,0.19188884716485166,0.503942921517086,0.10176492677431469,0.1028914757791964,0.00938790837401427,0.08899737138565528,0.07469752761704367,0.22093634928984746,0.7043661230931089
Pelmo Park-Humberlea,23,39003.0,41.263312986739635,2.89,3860,36.10188679245283,0.6528301886792452,0.062264150943396226,0.25943396226415094,0.016037735849056604,0.0018867924528301887,0.4838274932614555,0.14420485175202155,0.13746630727762804,0.07008086253369272,0.09433962264150944,0.0646900269541779,0.16708229426433915,0.26766417290108063,0.5652535328345802
Playter Estates-Danforth,67,70831.0,41.263312986739635,2.14,3767,32.92477302204929,0.28756476683937826,0.027202072538860103,0.5129533678756477,0.09196891191709844,0.06606217616580311,0.17622377622377622,0.25874125874125875,0.16223776223776223,0.016783216783216783,0.055944055944055944,0.32727272727272727,0.03229278794402583,0.14101184068891282,0.8277717976318623
Pleasant View,46,36346.0,41.263312986739635,2.86,5703,38.00441501103753,0.5861561119293078,0.061855670103092786,0.3173784977908689,0.019882179675994108,0.005154639175257732,0.18297101449275363,0.26721014492753625,0.3269927536231884,0.04891304347826087,0.019927536231884056,0.14945652173913043,0.07446808510638298,0.19739952718676124,0.7269503546099291
Princess-Rosethorn,10,99055.0,41.22690058479533,2.86,3958,34.698231009365244,0.7322916666666667,0.04791666666666667,0.19791666666666666,0.015625,0.0,0.8536269430051814,0.11398963730569948,0.0012953367875647669,0.010362694300518135,0.014248704663212436,0.0038860103626943004,0.042515500442869794,0.15146147032772364,0.8051372896368467
Regent Park,72,34597.0,41.95635910224439,2.15,5183,33.71729957805907,0.23890063424947147,0.024312896405919663,0.47463002114164904,0.18604651162790697,0.06342494714587738,0.0010080645161290322,0.7318548387096774,0.010080645161290322,0.10181451612903226,0.0020161290322580645,0.14818548387096775,0.16475972540045766,0.2143401983218917,0.6209000762776506
Rexdale-Kipling,4,34418.0,41.263312986739635,2.69,3989,35.21858500527983,0.6194503171247357,0.049682875264270614,0.2843551797040169,0.03171247357293869,0.005285412262156448,0.461038961038961,0.11948051948051948,0.007792207792207792,0.11168831168831168,0.12467532467532468,0.17402597402597403,0.1476976542137272,0.29192006950477845,0.5621198957428323
Rockcliffe-Smythe,111,34059.0,41.263312986739635,2.45,9487,39.510813594232744,0.500772797527048,0.07109737248840804,0.3740340030911901,0.03709428129829984,0.008758371973209686,0.305019305019305,0.35962493105350246,0.11638168781025923,0.026475455046883617,0.05129619415333701,0.14065085493656923,0.23703403565640194,0.27633711507293357,0.4878444084278768
Roncesvalles,86,50580.0,41.263312986739635,2.16,7305,34.90716723549488,0.320109439124487,0.02667578659370725,0.38919288645690836,0.09781121751025992,0.14705882352941177,0.09796806966618288,0.24963715529753266,0.1444121915820029,0.04644412191582003,0.062409288824383166,0.3940493468795356,0.0893970893970894,0.18347193347193347,0.7276507276507277
Rosedale-Moore Park,98,207903.0,41.22690058479533,2.05,10702,28.419855795895728,0.3806881243063263,0.033296337402885685,0.39178690344062156,0.13318534961154274,0.03607103218645949,0.24390243902439024,0.4967645594823295,0.04828272772523644,0.025883524141363863,0.03434544549527128,0.14982578397212543,0.018357044515832952,0.10647085819183112,0.8747131711794401
Rouge,131,39556.0,41.263312986739635,3.44,13730,40.15906976744186,0.6355813953488372,0.07023255813953488,0.276046511627907,0.010232558139534883,0.0009302325581395349,0.5696675382891296,0.07583115427717595,0.08554351886440045,0.1385879716100112,0.08741128128502054,0.042958535674262235,0.11989643497311292,0.2696673969328819,0.6106353316072496
Runnymede-Bloor West Village,89,71888.0,41.22690058479533,2.64,3987,38.29362591431557,0.4582463465553236,0.019832985386221295,0.4091858037578288,0.05323590814196242,0.055323590814196244,0.5301047120418848,0.0,0.19895287958115182,0.013089005235602094,0.06282722513089005,0.19240837696335078,0.02663230240549828,0.13659793814432988,0.8359106529209622
Rustic,28,31800.0,41.263312986739635,2.67,3726,37.59527121001391,0.5306406685236769,0.055710306406685235,0.3816155988857939,0.025069637883008356,0.0,0.3150684931506849,0.5383561643835616,0.057534246575342465,0.0013698630136986301,0.023287671232876714,0.06575342465753424,0.20254506892895016,0.32237539766702017,0.47720042417815484
Scarborough Village,139,32913.0,41.263312986739635,2.77,6133,41.71897518014411,0.4904,0.056,0.4112,0.0336,0.0,0.1866554054054054,0.6722972972972973,0.005067567567567568,0.04560810810810811,0.028716216216216218,0.059966216216216214,0.15935334872979215,0.2690531177829099,0.5715935334872979
South Parkdale,85,35207.0,41.95635910224439,1.81,12085,36.47987477638641,0.2334525939177102,0.020125223613595707,0.5174418604651163,0.1167262969588551,0.10241502683363149,0.01755926251097454,0.6294995610184372,0.013169446883230905,0.031167690956979806,0.018437225636523266,0.28797190517998245,0.1328892005610098,0.2131837307152875,0.6542776998597476
South Riverdale,70,53803.0,41.22690058479533,2.24,12732,33.75927272727273,0.3632401017072285,0.04758445332364693,0.38612422811478386,0.10352342898656011,0.08318198329095532,0.07163561076604555,0.18012422360248448,0.1979296066252588,0.13747412008281573,0.0567287784679089,0.3474120082815735,0.11960784313725491,0.17759103641456583,0.7030812324929971
St.Andrew-Windfields,40,100516.0,41.263312986739635,2.75,6685,34.900837988826815,0.636617749825297,0.03424178895877009,0.27603074772886094,0.03773584905660377,0.002795248078266946,0.5050583657587548,0.2715953307392996,0.027237354085603113,0.0840466926070039,0.01867704280155642,0.09260700389105059,0.03322615219721329,0.15219721329046088,0.8145766345123259
Steeles,116,31786.0,41.263312986739635,3.11,8032,35.6903363587827,0.6254002134471718,0.10405549626467449,0.23425827107790823,0.026147278548559232,0.0021344717182497333,0.47695262483994877,0.34763124199743917,0.023687580025608196,0.07106274007682459,0.045454545454545456,0.03649167733674776,0.20023148148148148,0.2534722222222222,0.5462962962962963
Stonegate-Queensway,16,64140.0,41.22690058479533,2.4,10896,35.8358843537415,0.603404255319149,0.0374468085106383,0.29829787234042554,0.03234042553191489,0.02,0.5580722891566265,0.09975903614457832,0.00963855421686747,0.042409638554216866,0.023614457831325302,0.2665060240963855,0.05995792426367461,0.17461430575035064,0.7661290322580645
Tam O'Shanter-Sullivan,118,34200.0,41.22690058479533,2.69,10384,37.22629409070087,0.5448717948717948,0.06456043956043957,0.3498168498168498,0.027472527472527472,0.003205128205128205,0.3061630218687873,0.4831013916500994,0.016401590457256462,0.09145129224652088,0.06660039761431412,0.033797216699801194,0.11530324400564175,0.2404795486600846,0.6442172073342737
Taylor-Massey,61,30430.0,41.263312986739635,2.47,6452,42.17241379310345,0.291072768192048,0.020255063765941484,0.6369092273068268,0.03900975243810953,0.008252063015753939,0.09561752988047809,0.7713147410358566,0.031075697211155377,0.02948207171314741,0.031075697211155377,0.03824701195219123,0.09978540772532189,0.20976394849785407,0.6893776824034334
The Beaches,63,92580.0,41.22690058479533,2.27,9926,34.35647921760391,0.5053816046966731,0.057729941291585124,0.2930528375733855,0.07338551859099804,0.05577299412915851,0.27480106100795754,0.06790450928381962,0.15384615384615385,0.03607427055702918,0.0493368700265252,0.41644562334217505,0.03330689928628073,0.15027755749405233,0.816812053925456
Thistletown-Beaumond Heights,3,32815.0,41.263312986739635,3.09,3472,34.426927502876865,0.6582278481012658,0.07364787111622555,0.23705408515535098,0.02531645569620253,0.0034522439585730723,0.4801829268292683,0.2073170731707317,0.09146341463414634,0.01524390243902439,0.11432926829268293,0.0899390243902439,0.1733457595526561,0.2572227399813607,0.5684995340167754
Thorncliffe Park,55,28875.0,41.263312986739635,2.93,7225,37.61779359430605,0.40355871886121,0.04128113879003559,0.45409252669039146,0.0804270462633452,0.007829181494661922,0.0,0.9340813464235624,0.0,0.011921458625525946,0.0,0.052594670406732116,0.14795678722404884,0.22592766557069047,0.6265852512916862
Trinity-Bellwoods,81,50694.0,41.95635910224439,2.35,7562,31.567878787878783,0.2513628104179285,0.03815869170199879,0.3155663234403392,0.21320411871592973,0.16717141126589946,0.055756698044895005,0.042722664735698766,0.10354815351194786,0.12889210716871832,0.12671976828385229,0.49022447501810285,0.12024424612494129,0.2000939408172851,0.6801315171441992
University,79,50757.0,42.026898734177216,1.97,3826,29.275714285714287,0.16690442225392296,0.025677603423680456,0.3594864479315264,0.2710413694721826,0.15834522111269614,0.03676470588235294,0.33088235294117646,0.06323529411764706,0.0838235294117647,0.054411764705882354,0.4147058823529412,0.039141414141414144,0.12247474747474747,0.8409090909090909
Victoria Village,43,35786.0,41.22690058479533,2.32,7562,38.947511929107016,0.4979536152796726,0.04365620736698499,0.41268758526603,0.03547066848567531,0.002728512960436562,0.16857720836142953,0.43627781523937964,0.041132838840188805,0.049224544841537425,0.024275118004045852,0.27781523937963587,0.1170550847457627,0.23728813559322035,0.6467161016949152
Waterfront Communities-The Island,77,70600.0,42.026898734177216,1.61,47209,27.652506566175628,0.20783373301358912,0.017357542537398653,0.2492862852575083,0.4763046705492749,0.035857028662784056,0.0062561334641805695,0.9633218842001963,0.0009813542688910696,0.013738959764474975,0.001962708537782139,0.013125613346418057,0.01643310817622744,0.09920354874483314,0.8842625264643613
West Hill,136,33323.0,41.263312986739635,2.7,10318,42.19864253393665,0.5411764705882353,0.0579185520361991,0.3610859728506787,0.026244343891402715,0.0027149321266968325,0.32248372558838256,0.34902353530295444,0.045067601402103155,0.14471707561342012,0.07361041562343515,0.06359539308963445,0.15060034305317324,0.2696397941680961,0.5797598627787307
West Humber-Clairville,1,31771.0,41.60669274228595,3.2,11045,35.360308285163775,0.6064205457463885,0.07319422150882825,0.2812199036918138,0.027287319422150885,0.0038523274478330658,0.3760932944606414,0.22011661807580174,0.028668610301263362,0.12730806608357628,0.17978620019436345,0.06656948493683187,0.14410850522746538,0.2715456343599887,0.5840632947160215
Westminster-Branson,35,32724.0,41.263312986739635,2.55,10454,40.71806722689075,0.46913061738765227,0.04619907601847963,0.44309113817723644,0.02897942041159177,0.00503989920201596,0.08508557457212713,0.756479217603912,0.05427872860635697,0.045965770171149146,0.014180929095354523,0.04449877750611247,0.06206415620641562,0.1983960948396095,0.7398884239888424
Weston,113,32997.0,41.263312986739635,2.33,8061,39.23525641025641,0.5144138372837924,0.05509288917360666,0.3811659192825112,0.03651505445227418,0.003843689942344651,0.2131578947368421,0.5796052631578947,0.026973684210526316,0.021052631578947368,0.030263157894736843,0.13026315789473683,0.187039764359352,0.27245949926362295,0.5414825724104074
Weston-Pelham Park,91,33528.0,41.263312986739635,2.62,4559,40.07425265188043,0.39922854387656703,0.08003857280617165,0.42430086788813887,0.04339440694310511,0.03953712632594021,0.11952662721893491,0.11834319526627218,0.28875739644970416,0.07100591715976332,0.04970414201183432,0.34911242603550297,0.26521412471825695,0.26521412471825695,0.46882043576258453
Wexford/Maryvale,119,35047.0,41.263312986739635,2.73,10462,37.21278317152104,0.5683656957928802,0.04813915857605178,0.33737864077669905,0.030744336569579287,0.006472491909385114,0.5235032162295893,0.18456209797130133,0.0014844136566056407,0.035625927758535375,0.1454725383473528,0.10935180603661554,0.11818181818181818,0.2727272727272727,0.6094155844155844
Willowdale East,51,45326.0,41.95635910224439,2.25,23901,37.1759577884836,0.4539820977736975,0.03190268533394538,0.43103052559100297,0.071149873766353,0.0022951572182694515,0.1517256835499776,0.7216494845360825,0.00291349170775437,0.037875392200806816,0.011205737337516808,0.07395786642761093,0.023824752158618484,0.12088263511352734,0.854812919731372
Willowdale West,37,44576.0,41.60669274228595,2.22,8054,37.81567489114659,0.47246376811594204,0.03985507246376811,0.41231884057971013,0.058695652173913045,0.007971014492753623,0.26887417218543047,0.6132450331125828,0.018543046357615896,0.033112582781456956,0.039735099337748346,0.025827814569536423,0.030526315789473683,0.14684210526315788,0.8231578947368421
Willowridge-Martingrove-Richview,7,44177.0,41.263312986739635,2.6,8721,35.014415376401494,0.6645299145299145,0.05502136752136752,0.25427350427350426,0.014957264957264958,0.002136752136752137,0.42328042328042326,0.43974132863021753,0.06231628453850676,0.04056437389770723,0.029982363315696647,0.00411522633744856,0.09725348941918055,0.2543899144529491,0.6488068437640703
Woburn,137,30878.0,41.263312986739635,2.87,19098,38.871961102106965,0.5327622134753415,0.06506135679555453,0.35355406344061124,0.036119472100023156,0.002083815698078259,0.3422836994846759,0.5061025223759154,0.015459723352318959,0.013018714401952807,0.09492812584757256,0.026579875237320316,0.14461264470169188,0.2666073018699911,0.5886019590382903
Woodbine Corridor,64,55199.0,41.22690058479533,2.28,5620,37.076278290025144,0.4157585917854149,0.027661357921207042,0.4258172673931266,0.05699916177703269,0.06370494551550712,0.1622364802933089,0.12648945921173235,0.2850595783684693,0.054995417048579284,0.034830430797433545,0.3318056828597617,0.08111615833874107,0.1628812459441921,0.755353666450357
Woodbine-Lumsden,60,47710.0,41.22690058479533,2.27,3604,38.01587301587301,0.41097560975609754,0.02926829268292683,0.47317073170731705,0.03536585365853658,0.042682926829268296,0.5471698113207547,0.17706821480406387,0.09433962264150944,0.005805515239477504,0.08272859216255443,0.09288824383164006,0.08611955420466058,0.22796352583586627,0.6869300911854104
Wychwood,94,54460.0,41.263312986739635,2.24,6185,35.12746585735964,0.33206974981046244,0.029567854435178165,0.45564821834723274,0.07960576194086429,0.09249431387414708,0.15632965165675447,0.22005097706032287,0.14953271028037382,0.04927782497875956,0.06711979609175871,0.35344095157179267,0.08149084017687934,0.17308907138344914,0.7454200884396716
Yonge-Eglinton,100,89330.0,41.263312986739635,2.08,6103,33.442291491154165,0.33192923336141533,0.02611625947767481,0.4945240101095198,0.10699241786015164,0.02443133951137321,0.24669603524229075,0.3515418502202643,0.08193832599118943,0.010572687224669603,0.05462555066079295,0.25462555066079295,0.018802228412256268,0.0947075208913649,0.8857938718662952
Yonge-St.Clair,97,114174.0,41.263312986739635,1.76,7475,31.509448818897635,0.32308904649330183,0.02442868400315209,0.4996059889676911,0.11268715524034673,0.02442868400315209,0.07412687099073414,0.6151104775481112,0.06414825374198146,0.03136136849607983,0.018531717747683536,0.19529579472558803,0.01891891891891892,0.12162162162162163,0.8594594594594595
York University Heights,27,29958.0,41.95635910224439,2.71,11051,39.05003909304144,0.46481626270523846,0.05199374511336982,0.42259577795152464,0.045738858483189995,0.008991399530883503,0.12137592137592138,0.5410319410319411,0.13366093366093365,0.07616707616707617,0.027518427518427518,0.0977886977886978,0.14944042132982224,0.25510204081632654,0.5957867017774852
Yorkdale-Glen Park,31,38527.0,41.263312986739635,2.62,5847,34.743769470404985,0.4992211838006231,0.05529595015576324,0.37383177570093457,0.056074766355140186,0.004672897196261682,0.40505144995322734,0.22170252572497662,0.014967259120673527,0.11225444340505145,0.08699719363891488,0.15528531337698784,0.1654533421575116,0.2799470549305096,0.5539377895433488
